{
  "project_info": {
    "project_number": "737177907933",
    "firebase_url": "https://salonhk-flutter-f20fa.firebaseio.com",
    "project_id": "salonhk-flutter-f20fa",
    "storage_bucket": "salonhk-flutter-f20fa.appspot.com"
  },
  "client": [
    {
      "client_info": {
        "mobilesdk_app_id": "1:737177907933:android:a15c3c383de641b560e134",
        "android_client_info": {
          "package_name": "com.flutter.salonhk"
        }
      },
      "oauth_client": [
        {
          "client_id": "737177907933-0kijk0nl48h3r2bv16no9o00gk7nti0f.apps.googleusercontent.com",
          "client_type": 3
        }
      ],
      "api_key": [
        {
          "current_key": "AIzaSyBFAu_21HxihFI8-EkFXpGCPBILC6Zxlns"
        }
      ],
      "services": {
        "appinvite_service": {
          "other_platform_oauth_client": [
            {
              "client_id": "737177907933-0kijk0nl48h3r2bv16no9o00gk7nti0f.apps.googleusercontent.com",
              "client_type": 3
            }
          ]
        }
      }
    }
  ],
  "configuration_version": "1"
}